author	keywords
dsa	fonds***représente***travaux***inclure***être***illégitime***publics***clairement***définie***particulier***vrai***part***financés***pour***aucune***durée***plus***travail***value***soit***embargo***éditeur***doit***salaire***financement***notion***manuscrits***cela***apporté***lesquels***auteurs***moitié***importante***encore***totalement***coût***elle***recherche***souvent***moins
sebastienmonchamps	scientifique***fortement***publié***pourquoi***être***agit***état***rendu***certaines***sous***conditions***très***restreint***peut***parler***tout***écrit***rédaction***public
claudegout	production***publics***dures***rappelons***être***généralement***permettre***font***distinction***revoient***sciences***avoir***rapaces***gratuitement***produit***valident***sans***édition***molles***ceci***nécessite***cqfd***fonds***numérique***travail***pourquoi***disponible***aucun***financée***aujourd***réalisée***grâce***plus***passer***intérêt***doit***cette***ailleurs***pairs***immediatement***entre***chercheur***finalisé***qualité***recherche***éditeurs***génère
stephanevial1	comprend***visibles***être***législations***nouveaux***durée***étant***cette***proposé***commerciale***réduisant***médecine***pour***innovation***technique***sciences***commerciaux***encore***moyen***elle***adoptées***scientifiques***économiques***sans***matures***édition***finiront***période***publications***mois***pays***dans***trouver***meilleur***commission***dépassé***idéalement***devenir***européenne***devrait***moteur***humaines***accès***sociales***conformément***rend***libre***possibles***déjà***aider***plus***manière***néanmoins***recommandations***compromis***embargo***affaiblir***électronique***2012***trop***radicales***contraindre***volonté***maintenant***gouvernement***scientifique***immédiat***établir***autres***modèles***éditeurs***peut
robertodicosmo	passe***volonte***tiendrait***simplement***juge***disposer***pure***version***auteur***monopole***redaction***clauses***tous***donner***autre***sans***scientifiques***vers***dans***droits***pratique***disparition***travail***tres***mise***couvert***avec***bien***article***patrimoniaux***depuis***usage***existant***largement***chercheur***americains***2006***dernière***solution***vous***sommes***publiee***science***part***librement***redige***absolument***pour***accompagner***fait***actuel***freeaccesstoscience***lotis***lecture***ieeecopyrightform***mois***articles***ayons***mieux***fond***quelconque***fonds***devrait***entierement***souleves***celui***longtemps***inacceptable***seule***etat***tribunal***realite***remuneree***forcee***embargo***dela***institutionnalise***differents***auteurs***tout***dicosmo***simple***lieu***droit***soit***ailleurs***publics***preserve***ieee***voyez***sous***copyright***affirme***manuscrit***arguments***unis***train***apres***preprint***termes***captation***suppression***economique***plein***incombe***bonne***seront***documents***notre***sources***page***acceptée***imprimeurs***renvoie***éditeur***aujourd***appeler***chercheurs***mais***ministeres***partage***issus***retire***apparence***entre***encore***dire***recherche***imposer***dernier***contre***peur***anglais***traine***federaux***suivre***leur***voir***actuelle***crown***societe***commercial***realise***naturelle***icihttp***attends***deja***souciers***parce***surement***avait***place***devant***estla***scandaleuse***publies***exclusion***actuellement***etats***nous***jamais***forme***http***envoye***fois***plus***exemple***desuet***editeur***impose***decennies***cela***venant***rater***fruit***editeurs***comme
associationdesarchivistesfrancais	légitime***publics***patrimoniales***production***disposition***domaine***motifs***archives***rémunération***hors***commun***partie***référence***redevances***traitement***plus***placer***article***paiement***mise***fait***risque***cela***bonne***conservent***services***kyrielle***collecte***bibliothèques***coût***investissements***facto
thibaultlietard	technologies***numéro***attendre***informatique***aberrant***techniques***humaines***pour***serait***sciences***faire***semble***délai***scientifiques***progressent***1980***très***mois***dans***trouver***bénéfique***obtenir***parfaitement***nécessaire***différence***annuaire***comme***suis***libre***fondamentales***plus***article***articles***recherche***mais***même***travaille***vite***accès***immédiat***entre***quelqu***saisisse***prendre***imposer***moins
blaisegenest	deniers***disposent***maximum***monnayent***cher***beaucoup***long***avec***1995***européénne***pour***publics***finance***plus***préconisé***embargo***deja***comble***trop***simplement***commission***rente***tout***acces***editeurs***mois***articles***delai***recherche***faut
benjaminperet	attribution***publics***inra***inserm***leurs***soit***difficulté***service***institutions***dispose***assurent***euros***pour***alors***compter***indépendant***experts***place***perdus***évaluation***européen***faire***travail***mêmes***citer***puisque***française***access***proposant***bonne***condition***cnrs***revues***sans***être***édition***aussi***articles***financement***faut***déjà***effet***compétences***réalité***fonds***scientifiques***travaux***devrait***agissent***aurait***vraiment***majeure***dans***possibilité***gratuit***niveau***mettre***international***système***chercheurs***frais***mais***attaquer***open***idée***changera***accès***toutes***millions***comme***reconnu***publication***recherche***entier***triste***public
christofschoch	fait***institution***permission***manque***textes***automatisée***pour***projet***auxquelles***data***publications***fouille***déjà***mining***collection***pratiquer***accès***rapport***aurait***lecture***text***données***dépassé***chercheur***comme***royaume***ailleurs
aymericpoulainmaubant	tenu***mériterait***jeux***pourquoi***compte***être***beaucoup***envisager***équipes***long***dites***vérification***choses***restreindre***avec***concernés***super***insee***bien***précautions***dire***celui***plus***écrits***article***exemple***court***devraient***travaillé***fins***aussi***données***autres***reproduction***trop***enjeux***permettant
sylviegrandeuryburon	commerciale***text***embargo***interdire***mining***exploitation***entraver***courte***data***plus***durée
patrickberthet	délais***pénaliseront***visibilité***française***trop***recherche***longs
williampaul	publication***privée***monopole***faut***briser
francoischaroy	fonds***embargo***même***beaucoup***trop***délai***nécessité***long***financée***concernant***interroger***publics***recherche***peut
lucfruchter	dans***étendu***réserver***alors***contre***aucune***sommes***payer***cette***souhaitable***présent***accorder***avec***menacés***optique***totale***pour***serait***gratuité***plus***commencer***proposer***possibilité***embargo***donc***auteurs***lesquels***nécessité***scientifiques***négocier***publient***nous***privilège***auront***encore***articles***éditeurs***faut***peut***contrepartie
emmanuelhadoux	aller***chercheurs***loin***elles***payer***aberration***dans***étrangers***ressources***financés***pour***précédemment***plus***commentaires***avoir***forfait***etat***financées***même***doit***français***article***springer***mêmes***période***autres***publiées***accéder***comme***écrit***attente***éditeurs***permettant
marlenedelhaye	mais***pourquoi***dures***aligner***pour***bonne***savoir***mois***dans***embargo***sciences***direction***durées
geoffreythiesset	avis***embargo***autres***contributeurs***partage***période***trop***longue
erickajfasz	recherche***embargo***doit***être***trop***accès***assuré***type***long***ouvert***données***mois***publication***prévu***issues***publications***selon
filippoalbertoedoardonuccio	judiciaires***access***commercialement***impossibilité***mathématique***réglementé***partie***pure***presque***produites***elle***lorsque***passage***scientifiques***bonne***domaines***abord***applicabilité***vaste***dans***didactique***règles***biologie***arbitraire***partiellement***travail***profitables***état***profiter***avec***humaines***publications***chercheurs***mais***passerait***distinction***français***étrangers***telle***seraient***entre***deuxième***bibliothèques***laboratoires***recherche***éditeurs***mathématiques***risquée***plusieurs***rendre***étude***dessous***être***soumis***mener***finalement***énormément***pénaliserait***embargoen***lois***pour***financière***sciences***revenus***jour***inaperçu***cecidoit***débats***actuel***universitaires***risque***financier***collaborations***prêtes***donner***coauteurs***mois***différentes***délais***direction***encore***voit***green***beaucoup***france***manque***spécifié***rend***profitent***vide***pourraient***limites***subventionnées***embargo***même***champ***open***psychanalyse***voir***pourrait***peuvent***uniformes***préhistorique***lieu***comme***idée***moins
kareng	chercheurs***professionnelle***travaux***travail***laboratoire***frein***nombre***accéder***france***scientifiques***grand***pouvoir***trouver***jeunes***lorsqu***réinsertion***affilié
albertcohen	embargo***même***principe***ouverture***contraire***esprit***affiché***céder***état***point***éditeurs***commerciaux
laurentromary	embargos***version***éditeur***doivent***appliquer
alexandrekeledjian	programmes***numérique***jeux***pourquoi***être***libres***vérification***algorithmes***pour***traitement***ainsi***publications***format***leurs***devraient***utilisés***ouverts***données***plus***limiter***interopérables***publication***aisée***permettant
marionaubry	citoyen***contribuable***soit***libre***elle***tout***recherche***normal***publique***financée***accès
cedriccorrege	article***tous***devrait***être***accessible***sort***scientifique***issue***tout***mois***durée***fond***publique
francoisrobinet	individus***sont***access***spécifiques***service***voix***domaine***sociale***jeunes***celles***étrangers***existence***massive***mixte***informer***version***auteur***certains***numéro***carrière***celle***possibilité***mettre***recours***elle***conséquences***dossiers***initiative***sans***scientifiques***place***début***moduler***tendance***dans***afin***absolue***voies***risquerait***faut***politiques***politique***perception***alors***affirmer***autonomes***pérennisé***certaines***sociales***péril***avec***gratuit***réduction***bien***pluralité***favorisant***durée***approche***ores***publications***marges***article***auprès***permettraient***ouverture***contemporaines***aussi***pourront***prévu***fonction***conserver***devoir***identités***appui***privé***rapports***entier***payeur***liberté***même***collectifs***acte***sciences***visibilité***monde***singularité***effets***large***fonds***humaine***distinction***singuliers***numérique***téléchargement***musique***pour***innovation***défense***gratuité***ainsi***synthétiques***équilibres***dépendante***doit***voire***justification***thématiques***économiques***celui***savoirs***derniers***susceptibles***enseignements***mois***articles***mieux***biens***effet***utile***présentation***richesse***font***éditoriale***communs***exponentielle***essor***avérer***définis***vers***humaines***attractif***tous***secondaire***lors***subventions***permettre***ventes***fine***tentatives***pourraient***choisiraient***studio***information***embargo***reconnue***détail***cette***forte***produits***doute***scientifique***manœuvres***massif***musiciens***projets***coût***massivement***engager***formatage***affecté***propositions***stratégies***publics***relance***freemium***labels***production***capables***produire***faible***sous***depuis***spécificités***autres***tournées***sociétés***archivage***vertu***termes***semblent***éventail***suppression***avantage***création***représentations***biais***rien***recherche***modèle***grès***pouvoirs***numériques***sens***pratiques***aveugle***contenu***extrêmement***payer***vente***valeur***modes***jamais***évoluer***sauf***mesure***entretenus***cherchent***supports***streaming***plutôt***chercheurs***étudiants***économique***papier***mais***ligne***formes***leur***français***précieux***trop***avèrent***empêcherait***conférer***compris***années***seraient***quantifiés***encore***publication***rédaction***imposer***poser***peut***affirmation***accorder***sein***nécessaire***dangers***leurs***essentielle***être***quelques***confèrent***question***définir***préciosité***cependant***gagnerions***éditeur***mesures***serait***tend***productions***maintien***subventionnés***semble***généralisation***relativement***offre***garantir***encourager***partagée***partenariat***dynamisme***adaptées***tout***multipliées***revues***importance***dépendant***trouver***projet***permettant***quelle***possède***difficile***diversité***immédiate***green***france***manière***nous***précise***médias***diffusion***comment***artistes***enseignants***française***apports***ciblées***séances***grâce***plus***comités***générations***exemple***entravée***déjà***consolidation***françaises***open***contexte***accès***voir***partie***fondé***peuvent***publiques***recension***utilité***comme***équipe***pages***montrer***public
oliviermorin1	dernière***actuelle***délai***gold***sont***court***pratique***imposé***après***base***répandu***considérablement***immédiate***leur***imposant***vieilles***publics***version***fait***temps***plupart***internationales***archivage***tous***pire***access***catégorie***risque***verte***revues***bonne***très***long***plus***limite***dans***royaume***mieux***article***normes***conforment***travaux***deçà***disposition***rien***réellement***impose***entérine***limiter***assez***diffusion***forme***bien***auto***auxquelles***publications***financements***chercheurs***parution***mise***mais***embargo***usage***considérable***open***avant***changera***elle***issus***cette***nuancer***autorisent***départ***publication***souvent***peut***contester
francoisgeze	conduites***sont***antérieure***supérieur***discipline***certainement***agrégateurs***proposait***abonnements***varient***donc***tard***version***sera***faire***anglophones***diffusées***pire***court***elle***autre***article***établirait***sans***publient***scientifiques***documents***saxons***après***mesure***2012***numériques***sens***alpsppapotentialresultsofsixmonthembargofv***disparition***européenne***définition***économie***faudrait***renvoie***valeur***état***économique***considérablement***dans***avec***question***bien***équilibre***assuré***certaines***chercheurs***alors***dont***sait***priori***français***aboutir***publishingresearch***grande***partage***telle***seraient***impact***entre***décret***montré***réelle***recherche***éditeurs***peut***baisse***étude***leurs***approfondies***préférables***pourtant***cela***vote***leur***francophones***grand***anglo***études***raisonnables***pour***serait***reste***fait***durées***disciplines***fonction***conseil***doit***rares***enseignement***commission***revues***publiés***récents***supérieure***mois***articles***projet***reposent***efficacité***sérieuse***diffusent***france***objectifs***nettement***remède***http***aucune***temps***britannique***occurrence***ministère***plus***durée***embargo***portails***intérêt***trancher***recommandation***cette***difficiles***chiffres***tandis***autres***comme***envisageable***qualité
vincentdanjean	démissionner***sont***effectué***tant***validation***pérenne***certaines***assurées***journal***peer***archivage***fédération***contenterait***charge***cœur***vérifiée***paye***très***plateformes***tâches***dans***utilisant***faut***quand***entendre***travail***assurer***chose***vraiment***éditeur***choses***suis***initial***accord***bien***diffusion***dépend***argument***chercheurs***ouvertes***mais***minimum***cite***outré***aussi***rapport***refonder***distribution***mensonger***journaux***prise***similaire***chercheur***collectivement***nationale***éditeurs***imprimée***lecture***reviewing***donc***alors***pour***reste***évaluation***fait***listées***commentaire***apporte***bénévolement***gratuitement***structuration***revues***services***ceci***fourni***effondre***spécialisée***laisser***étonnant***presse***communauté***numérique***compréhensible***volontier***sélection***indispensable***cher***beaucoup***édition***publie***impression***organisation***comités***intermédiation***information***même***parfois***électronique***accès***toutes***communautés***tout***autres***comme***littéralement***qualité***rappeler
editionsdalloz	publics***sont***access***valeur***domaine***pérenne***durée***sous***valident***forme***auteur***cour***modalités***paiement***archivage***etat***mettre***principe***charge***auteurs***délai***scientifiques***ajustement***égale***donnant***toute***bases***jouent***décision***dans***données***majoritairement***sélectionnent***numériques***frais***2005***embargos***contrepartie***travaux***travail***pourquoi***amont***commercialisation***subordonnée***internet***éditeur***pénurie***articles***avec***certification***réforme***avantager***publications***promouvoir***mise***ouverture***rôle***aspirer***immédiat***impact***archives***promotion***établissements***publication***recherche***éditeurs***plusieurs***propres***études***leurs***être***après***géants***large***budgétaire***variable***leur***cependant***enfin***contenus***financés***commercial***très***fondamental***notoriété***constituer***doit***parce***pérennité***regard***travers***visant***revues***concernant***place***afin***mois***créée***particulier***possible***prise***fonds***acquisitions***nécessaire***européens***retard***comptes***soutiennent***france***coût***dénoncé***ressources***diffusion***libre***universitaires***temps***également***plus***raisonnable***profitant***information***embargo***application***intérêt***open***bibliothèques***accès***revue***expérimentent***préservant***droit***depuis***années***qualité***soit***moins
mathieustumpfguntz	mettre***sein***nécessaire***mitigés***licence***discipline***œuvre***proposition***corruption***vote***distinction***critique***soient***insuffisantes***pour***technique***probabilité***amélioration***espace***sous***commentaires***avoir***publiés***disciplines***tous***commentaire***favoriser***conditions***comité***cohérence***faire***sans***opaque***scientifiques***filtrage***plus***particulièrement***dans***républicaine***possibilités***appuyer***source***devrait***consultation***mais***œuvres***cherchant***proposer***humaines***acquisition***retours***avec***restreint***diffusion***libre***_immédiate_***note***émergence***atteindre***qualité***intéressé***privilégier***exemple***mise***déjà***biais***délais***sciences***groupe***revue***interface***pairs***social***autres***favorise***processus***inquiétant***publication***acteurs***ailleurs***vient
cyrilcohen	pratiques***font***régression***rédigé***ouverte***publie***particulier***archive***pouvoir***aucune***immédiatement***auteur***article***document***restriction***embargo***constitue***rapport***revues***sans***proceedings***veux***dans***déposer
djp1	supports***publier***contrat***elsevier***dans***international***utiliser***éditeur***grandes***articles***tous***implique***libre***auteur***illégalité***plus***article***possibilité***mettre***pourront***français***engage***accès***contradiction***revues***sans***chercheurs***scientifiques***avec***ceci***autres***droit***contrats***publication***éditeurs***internationales
blazyolivier	article***pratiques***actuelles***rendre***impose***même***visent***officielle***délai***disponible***arrière***preprint***proposé***serait***embargo***avant***faire***parution
frederiquelangue	publier***sont***leurs***principes***partisans***recherches***payer***domaine***internationale***pour***plusieurs***importent***commerciaux***publique***modalités***opposition***succès***sortir***accessen***edition***faire***savoir***sens***dans***science***coexister***travaux***témoignent***commerce***amplement***indispensable***côté***acteurs***libre***particulier***diffusion***préjudiciable***bien***deux***nouvelles***chercheurs***opposés***acquis***embargo***depuis***même***open***accès***issus***avenir***peuvent***modèles***laboratoires***années***recherche***éditeurs***développement
venet	duree***rétention***fonds***droit***aligner***européen***publics
vincentreverdy	communauté***publier***scientifiques***brutes***sont***fortement***être***encouragée***faciliter***important***mathématique***elsevier***pour***partir***techniquement***fait***faire***plus***volumes***chez***exemple***emmanuel***algorithmes***savoir***hadoux***lorsque***ouverture***cela***suffit***faisable***très***données***résultats***également***reproductibilité***trop***devrait
pn	publier***maximum***après***rien***long***insuffisante***pour***mais***plutôt***superflu***seulement***avis***mettre***embargo***trop***délai***devoir***progression***lieu***droit***mieux***mitigé
jonathancrequer	commentaires***loin***texte***mais***dessous***avancée***mitigé***assez***voté
michelvert	benjamin***analogie***publics***antérieure***exclusivité***service***proposition***rédige***suivant***impossibilité***publiée***nouvelle***manuscrit***journal***version***approuvent***avoir***site***mettre***rémunérés***oeuvre***maximum***création***sans***améliorations***scientifiques***idéale***début***faveur***alors***instructions***travail***acceptée***suggèrent***éditeur***péret***avec***profit***phase***justifierait***compromis***travaille***analyse***correspondant***accordée***chercheur***transport***publication***recherche***peut***ouvrage***origine***court***évaluent***uber***puis***pouvoir***pour***productions***fait***référence***diffuse***accompagnée***tout***édition***mois***financement***possible***quelle***financent***fonds***numérique***devrait***enfin***examinateurs***publie***identification***diffusion***choisi***concurrent***deux***être***information***embargo***équitable***taxi***idée***cette***finalise***précises***scientifique***qualité***soit***avant***moins***public
guillaumecarret	publier***doive***être***beau***page***payer***publics***invite***grand***somme***pour***reste***fait***syndicat***avoir***national***seul***publié***access***réponse***actuel***gratuitement***ubuesque***adéquats***corriger***paie***supplément***budgets***édition***notre***modèle***prévoir***numériques***réellement***fonds***travail***vous***élevée***état***mise***éditeur***acquisition***choses***ressources***profitent***bien***demander***bonheur***minime***financé***économique***exemple***facteur***quand***effrénée***open***éditeurs***voir***pairs***tout***nous***encore***chercheur***comme***course***lire***souvent***atterrant
sylviepommier	publics***rendre***travail***incluant***premiere***être***pour***ouverte***fonds***contribution***articles***signifie***avec***financés***obligatoire***privé***temps***version***finance***publique***compté***reçu***embargo***court***automatisation***doit***préciser***éditeurs***dépôt***ayant***publication***salaire***retenus***archive***possible***chercheur***comme***mieux***recherche***financement***projet***public
nicolas	dernières***invention***sont***disposition***aboutir***lorsque***accès***sera***brevet***dans***tout***susceptibles***données***public***après***limiter***faudrait***publication***prévoir***permet
hcyinguyenvan	reviendrait***automatisation***rendre***sont***journaliste***montré***complètement***question***oligopole***alors***dernier***diminuée***fournis***très***word***nombreux***dont***arrière***remettre***fédération***restrictif***actuel***régression***scientifiques***latex***preprint***sans***domaines***certes***templates***vouloir***économie***tâches***spécialisée***modèle***force***financement***presse***délégation***autorisés***source***travail***pourquoi***amplement***celui***édition***dans***nombreuses***profit***embargo***existe***déjà***plus***chercheurs***mise***information***mais***format***conserver***éditeurs***agit***délégué***rapport***activité***open***secteurs***autres***lequel***coût***revenir***nationale***diffère***public
heinerwittmann	forme***reçoit***publics***ajouter***sont***libre***dispose***rendu***sous***écrit***partie***pour***financière***aide***phrase***publique***investissemements***alinéa***mettre***revient***finances***auteur***lorsque***errreurs***petite***antérieurs***moitié***décider***ensuite***investissements***possible***prêter***fonds***numérique***disposition***exclusive***financée***pubics***aucun***éditeur***accord***issu***pourrait***texte***concourent***travailler***même***gratuitement***fond***accessible***accès***toutes***sera***activité***scientifique***cession***droit***publication***recherche***moins
pierrecourtieu	passe***contre***comparaison***aujourd***leurs***bout***rédigée***institutions***clairement***récupèrent***pérennise***pour***général***monopole***sont***paiement***inacceptable***mettre***rémunération***gratuitement***délai***scientifiques***sans***très***ceci***plus***articles***publication***ouvertes***pratique***proposition***cher***immédiate***état***diffusent***disponibilité***résumé***situation***avec***explication***comment***mais***suivante***publications***écrits***chercheurs***exemple***personnes***texte***donc***leur***paradoxal***cette***maintenant***auteurs***peuvent***ignorent***archives***certain***éditeurs***entrave***employeur***diffusion
samsond	tenu***évoque***plate***brutes***devrait***commandé***être***horizon***dépôt***commission***conformément***européenne***gratuite***2020***programme***libre***institutionnel***forme***auteur***minima***écrits***assurer***évoquant***etat***cnnum***lois***doit***préconisation***votées***accès***rapport***italie***inspirer***aussi***diffuser***instar***allemagne***données***publication***insuffisant
patrickechegut	payé***production***sont***access***être***monde***domaine***pourtant***profits***rémunération***aura***passons***productions***évaluation***fait***faire***servent***nombre***producteurs***rémunérés***notre***dans***tient***alors***agriculture***rien***nourrissent***jamais***sensible***nous***part***quoi***plus***article***bibliométrie***embargo***même***sinon***open***oublions***produit***autres***lequel***facteurs***soit***éditeurs***moins***peut
laurentlamy	accessibles***publics***avancée***fonds***aberrant***leur***actuelle***pour***concernée***commercial***gracieux***guère***apparente***résultats***celle***changerait***partielles***auteurs***produisent***entrave***délai***scientifique***paient***chercheurs***édition***incluant***publications***mois***anonymes***communauté***autorisés***travaillent***travail***accéder***raison***alternatives***situation***titre***diffusion***article***quoi***plus***faite***financé***besoin***embargo***prints***payante***secteur***accès***voir***pâtit***tout***immédiat***chercheur***connaissances***développement***relecteurs
remipeyre	article***dist***suggérées***sont***quelques***proposition***pièges***vote***recèle***problématiques***actuelle***2015***formulation***départ***idées***intégrer***mais***renaud***bonnes***cnrs***septembre***gagnerait***certes***encore***fabre***fort***modifications***mitigé
sgl	aller***loin***devoir***mais***début***droit***bien***déjà***faut***plus***faire
stminternationalassociationofscientifictechnicalandmedicalpublishers	business***berne***access***discipline***attitude***material***long***content***parties***detract***period***manuscripts***more***initiatives***could***model***journal***version***convention***contractual***said***remains***would***continue***economic***third***into***with***conformity***committed***which***even***takes***fixed***favourable***made***exercise***after***registration***limitations***necessarily***exclusive***consider***specific***publishing***must***intact***each***concerned***foster***troubling***article***individually***against***without***final***prerogative***agreements***manuscript***important***authors***welcomes***being***rights***compatible***publishers***notes***quality***contract***agreed***publication***inalienable***enforce***lose***characterized***publicly***solution***ensure***choice***rigid***envisages***publish***part***when***these***that***chosen***three***relation***widest***allow***technique***maintains***opposes***nullify***published***should***view***editor***because***individual***authorize***accepted***account***deviation***they***their***possible***same***where***test***freedom***leave***ability***unqualified***periods***underpinning***mandatory***deposit***every***right***obtain***insufficiently***dissemination***step***before***government***information***embargo***sustainable***absolutely***legislation***open***legal***this***does***sole***additional***available***scientific***violation***publisher***author***finally***neutral
yanncochard	tous***fonds***appartient***étude***doit***être***citoyens***accessible***délai***payée***publics***financée***long***alors***toute***librement***elle***fois***déjà***trop
peaucelle	afférents***leur***publics***accès***company***elsevier***omis***pratiques***être***posséder***freiné***copyright***budgétaires***sujets***traine***pour***coupes***superchaton***aient***sont***interdit***restriction***doit***adoptées***rajoute***about***circulation***après***réalisés***services***données***période***règles***service***dans***regardez***20employees***façon***policies***travail***pourquoi***rémunération***exclusive***government***éditeur***liberté***avec***fouille***connaissances***france***forme***avoir***mais***agents***plus***exemple***mise***information***inévitable***embargo***même***problématique***existantes***session***notion***texte***inscrite***freins***résultats***honorerait***cession***recul***droit***https***recherche***éditeurs***public***diffusion
pierrecrescenzo	article***négative***recherche***sécurité***être***proposition***doivent***surtout***issus***cette***diffusables***sauf***auteurs***sans***articles***contrainte***impératif***citant***publique***délai
superchaton	hésitez***publier***uniquement***lorsqu***encore***simplement***généralement***précisé***surtout***archive***hélas***connaissance***simplicité***intégral***relecture***version***ainsi***travail***intervenir***sans***preprint***commentaire***doit***transfert***paucelle***site***finale***faire***accepté***poster***vécu***notre***dans***nombre***option***faits***bonté***réalité***alors***elsevier***formulaire***remplir***ouverte***chercheur***exclusive***mise***éditeur***nous***pairs***appartient***forme***comment***toujours***existe***donne***minima***article***préfère***collègues***droits***mais***carrément***ligne***autorisent***français***avant***notion***propriété***différent***immense***personnel***cession***lequel***droit***comme***certain***éditeurs***désormais***correspond
alexanderdoria	formes***alors***sont***compte***explicite***concernées***autres***mélanges***ainsi***publications***fréquentes***compilations***associées***recueils***souples***champ***aussi***actes***colloques***données***plus***congrès***articles***prise***croisées***intègre
marcelpoualion	commercialiser***leurs***secrètes***monde***attitude***espèrent***occulte***parti***oranges***digital***connaissance***univers***absolument***pour***protectrice***recherche***française***combattre***comme***auteurs***étal***secret***langue***savoir***afin***notre***dans***mieux***faut***oubli***complètement***domination***vous***disposition***tirer***submerge***libèrent***anglais***épicier***publications***chercheurs***mise***soit***français***coin***cette***garder***rester***achèterez***vouloir***impératif***garantie
fredericboulanger	objectif***accès***travaux***libre***actuellement***être***régression***vraiment***éditeur***durée***ainsi***texte***pourquoi***diffusion***forme***version***fait***certains***article***mise***preprint***embargo***acceptée***favoriser***constitue***porter***rapport***contradiction***finale***publique***sans***avec***mois***paraît***recherche***éditeurs***possible
federationnationaledelapressedinformationspecialisee	ceux***taille***commerciaux***principe***compte***elles***idéologie***initiativede***uniformisation***validation***fonctionnement***entraîner***organiser***fondamentalement***attaques***concertation***bouleversent***auteur***certains***peer***sont***coexistence***incidences***structures***access***auteurs***cercle***rouage***type***sans***effondrement***scientifiques***avancent***service***dans***porté***crucial***chercheurs***sérieux***européenne***travail***demeurer***conduire***avec***aucun***mort***affranchir***dont***dépend***publications***article***infirmer***mise***compromis***depuis***éditrices***marquée***menées***rôle***requis***aussi***valorisation***siècles***considérer***activité***quatre***international***prendre***éditeurs***nécessaires***mathématiques***reviendrait***plusieurs***domaines***imprimée***visibilité***allons***contribue***relèvent***soumis***œuvre***juridique***telles***pourvu***cohérente***numérique***compter***études***pour***rythme***évaluation***retenus***ainsi***peau***résultats***distribution***disciplines***autre***constitue***pérennité***définir***étatique***disposition***rayonnement***afin***équilibre***mois***législation***structuration***demeurent***réalisent***contrôle***selon***mercantilisme***factor***continuer***impossible***devrait***santé***sélection***réduite***siècle***chercheur***indispensable***variabilité***humaines***issue***inférieurs***impression***lectorat***paysage***rappeler***permettre***peine***exclusivement***fixés***clef***autoritaires***également***plurale***jusqu***assurer***organisation***information***date***embargo***favorables***conception***injustifiées***conditions***bénéficier***autant***logiquement***droit***coût***années***souligner***soit***avant***ailleurs***contribuent***visent***publics***libre***effectué***vertueux***contraintes***prononcent***privés***pérenne***économiques***sous***présent***assurant***première***technique***modalités***scientifique***certitudes***archivage***pourraient***termes***savoir***vérifiée***chagrin***prévus***toute***opérée***contributeurs***variant***médecine***mouvement***2012***supposé***sociologie***label***biologie***doit***contenu***travaux***extrêmement***juillet***intermédiation***tenu***pays***reviewing***demandent***variété***considérablement***choquante***mesure***éditorial***certification***génétique***tout***intéressées***repose***encontre***économique***faveur***même***saurait***donc***agit***industries***important***faut***fossile***open***spécialisations***impact***entre***modèles***publication***recherche***survie***recommandation***peut***contre***fait***étude***leurs***approfondies***rédigé***confirmer***programmée***cela***délais***xxème***mesures***soient***serait***productive***maintien***totalitaires***publique***mêmes***religieux***française***véhémence***convient***risque***discipline***détenteur***commission***revues***édition***reposer***matière***longue***projet***engagée***compromettre***régimes***écosystème***reposent***potentielles***distinction***diversité***apportent***maintenue***maillon***nous***diffusion***passés***quête***officiel***aucune***garantir***qualité***respecter***physique***sociales***visées***connut***index***conformément***imaginés***vingt***réseau***accès***fiabilité***douze***valoriser***stable***structure***pivot***sciences***comme***revenir***objectif***caractéristiques***public
davidvantyghem	surtout***internets***cmpid***drame***http***éviter***takepart***twtr***nouveau
martinecoppet	être***durée***vote***bien***cause***libre***pour***embargo***article***mitigé***néanmoins***mais***doit***aligner***trop***accès***suppression***données***réintroduit***dans***recherche***longue***projet
syndicatnationaldeledition	ressources***publics***subvention***modification***autorise***exclusivité***situations***domaine***certaines***pouvoirs***comparaison***partie***questions***auteur***critères***opposition***etat***mettre***access***elle***auteurs***délai***réaffirmée***pédagogiques***double***scientifiques***toute***contractuelles***après***dans***obtenir***politique***éditeur***liberté***avec***numériques***mettant***communication***agents***incompatible***article***simple***observait***agit***réitèrent***rapport***publication***contrario***investissement***entre***encore***bibliothèques***seule***ministère***universitaires***éditeurs***développement***pratiques***régime***relèvent***culture***budgets***cette***leur***touchant***contractuelle***soient***pour***gage***fait***publique***adéquats***principales***doit***universitaire***dénoncée***donner***édition***références***particulier***longue***retour***interférer***étrangères***numérique***retard***notamment***pratiquent***doivent***droit***réellement***actuelles***france***compétence***situent***situation***déloyale***comptes***véritable***quels***publié***cour***acquisition***également***raisonnable***écarts***date***open***prévoir***expression***toutes***impulsion***tout***critiquable***permet***2005***pédagogique***comme***soit***concurrence***causée
plessismarc	publier***mais***pertinente***maximum***trop***voir***clairement***ramenée***obligation***intéressante***période***mois***serait***bien***embargo***longue***plus
hervecourtois	complètement***avancée***embargo***connaissance***sciences***vitesse***inapproprié
julienbarre	sans***embargo***actuellement***être***doivent***pouvoir***immédiatement***dégrade***situation***aucun***actuelle***rien***justifie***fait***diffusés***preprints
jeanyvescharbonnel	avoir***leur***embargo***informations***court***doit***délai***queles***scientifiques***afin***soient***exploitables***parution
oliviersandre	écrivant***ceux***wiley***sont***access***chimistes***connait***acceptation***commerciale***royal***transactions***tous***autorise***tirés***auteurs***privées***matériaux***rendus***scientifiques***royalistes***dans***pauvres***titres***toujours***faut***arxiv***pratique***travail***différence***proposition***vraiment***campagne***avec***propice***bien***internets***approche***sait***article***simple***anglosaxons***prints***final***aussi***réutiliser***situés***devoir***façon***conférences***éditeurs***publier***domaines***sciences***solution***plusieurs***principes***monde***recherches***part***donc***unifier***pour***république***fait***résultats***oubliettes***pérennité***chimie***nécessité***cnrs***faire***comets***journaux***mois***commerce***articles***entre***font***numérique***financées***comptes***figures***beaucoup***côté***académie***crédits***hormis***saxonnes***coeur***existe***système***physique***embargo***présence***souvent***manuscrits***cette***autre***tout***grands***pense***garantiraient***lurette***ailleurs***rapidement***publics***numéro***ieee***manche***nouveaux***privés***rideau***sous***disponibles***oublier***manuscrit***coup***puisse***sociétés***connus***site***archivage***lecteurs***moitié***fois***bonne***très***indispensable***cité***savantes***discute***contrepartie***décennies***quand***persistance***travaux***physiciens***assurer***pendant***trouve***appliqué***habitude***formule***asap***elsevier***obligatoire***impose***belle***prix***adapté***amis***autorisant***mais***veulent***delà***français***issus***produit***copyright***longues***prospère***encore***tombées***adhésion***publication***peut***contiennent***pratiques***rendre***anglais***être***après***pouvoir***payer***énormément***intitule***leur***anglo***vérité***soient***society***regarder***semble***juste***pourquoi***revenus***voter***existent***ancien***majorité***appliquer***trouver***philosophical***outre***science***manteau***reviewing***immédiate***depuis***forme***temps***grâce***plus***écrits***proches***auto***open***sites***multiplication***cela***moins***représentés***comme***kleenex***qualité***public
christianjoschke	ligne***rendre***augmentons***sont***continuent***être***expositions***négocier***recherches***catalogues***notamment***revue***exemple***nettement***heure***mesure***pour***rendent***fait***catalogue***conséquence***ignore***néglige***publié***livres***persée***stor***existence***exposition***publiés***importance***supérieurs***afin***publications***essai***professionnels***dans***travail***papier***projet***réduisent***images***sérieuse***commander***impossible***portant***deviennent***prend***chargés***point***internet***vois***articles***aucun***réalisation***comment***aucune***existe***piloter***publication***plus***soutenir***illisibles***droits***continueront***portails***même***parfois***bibliothèques***suppriment***budget***voir***prévoit***histoire***théorie***book***qualité***recherche***éditeurs***accessible
davidmonniaux	ceux***justifiée***travail***leurs***adaptée***retouches***page***font***certaines***sous***exactes***avec***serait***éventuellement***mettre***sciences***importants***profits***durée***minimaux***disciplines***frais***embargo***elle***auteurs***nulle***réduite***traitées***documents***plus***mois***sont***dans***inde***éditeurs
inradistodilehologne	access***complications***politique***pour***later***europe***association***made***delay***more***research***serait***inopen***humanities***introduise***sciences***h2020***gêneront***internationales***vers***rassemble***publié***http***soon***openaccess***principes***commission***months***statement***version***available***arts***position***cases***sources***financement***possible***longer***explicitement***science***repository***recherchetraduction***chercheurset***deposited***first***agences***france***principles***prise***avec***2013***libre***must***harmonie***française***publications***collaborations***need***recommandations***dont***traductioncf***défavoriseront***open***accès***transition***organismes***social***than***inist***publication***recherche***following***avril***regrettable
isabelleramade	passe***publier***accès***libre***leurs***mémoire***abonnement***institutionnelles***couts***virtuelles***vendant***profits***automatisée***autres***prétendu***pour***devient***relecture***version***unité***peer***travail***maximisent***financées***gracieusement***principale***ouvertes***existent***revues***surtout***lecture***toute***lecteursl***commencent***technique***articles***papier***possible***revueou***effectuent***fournir***numérique***nécessaire***institutions***articlenumérique***reviewing***internet***déja***antan***examen***dans***plate***avec***aucun***plateformes***forme***http***bien***embargo***prix***plus***exister***chercheurs***ccsd***mise***recherche***déjà***delà***idée***réseau***aussi***revue***écriture***pairs***tout***episciences***façon***entendu***droit***comme***soit***éditeurs***archives
charlotterecapet	interprétant***aujourd***libre***cela***proposition***révolution***confusion***donc***commerciale***lois***entrerait***plus***serait***sciences***phrase***existe***résultats***restriction***éditées***contraire***fait***publiés***donner***cette***comprends***drôle***recherche***appliquée***affichés***alors***pourquoi***disposition***point***mise***humaines***objectifs***sociales***dans***interdiction***avec***clarifier***prête***entre***naturelles***aucune***créer***justifiées***fois***publications***personnes***nombreuses***embargo***exploitation***crée***faudrait***distinction***peut***légal***contradiction***propriété***circulation***brevets***pense***lieu***comme***soit***intellectuelle
anamariaalvarezlage	délai***immédiate***communauté***open***sommes***aussi***articles***important***européenne***internationale***nous***scientifique***scientifiques***proposé***diffusion***accord***pour***coopération***avec***accesset
mathieurouard	ceux***publics***sont***access***réserves***auraient***nouveaux***certaines***dérives***manuscrit***spam***avoir***accepté***vers***mettre***instituts***lorsque***condition***sans***être***chers***dans***modèle***budget***politique***nature***article***négociation***tarifs***impacts***économique***avec***obligatoire***concertation***quasi***chercheurs***contribuerait***mais***davantage***trop***aussi***transition***vaudrait***ouvert***dédié***encore***seule***facteurs***publication***recherche***éditeurs***baisse***amener***leurs***surveiller***alternatif***payer***clairement***prix***pour***commence***objectif***associé***atteindre***incluent***journaux***revues***reports***place***mieux***prolifération***possible***rentable***marché***devrait***indique***plos***cher***projets***beaucoup***assez***libre***institutionnel***plus***déjà***embargo***open***cout***accès***cela***scientific***autres***globale***comme***qualité***ailleurs
marinecgossa	contre***publics***productif***deniers***financée***objectifs***explication***pour***serait***fixés***ainsi***recherche***article***répond***embargo***moitié***période***profiterait***dans***laisser***éditeurs***moins***public***selon
patrickbaillot	avoir***articles***avec***embargo***pense***argent***financés***pour***public***devrait
danielretureau	demandé***paiement***paierait***achat***être***versions***impôt***pourrait***sinon***puis***utilisateur***pour***mais***papier***deux***fois***numériques
nicolasdumoulin	article***devrait***être***avec***libre***pour***embargo***sauver***publications***objectif***économique***dommage***compromis***privateurs***accès***publique***scientifiques***favorise***trouver***modèle***recherche***éditeurs***trompeur
bernardlegras	rapidement***accessibles***problème***pose***sont***effectué***centralisées***contradictions***fonctionnement***sous***existence***archaïque***partie***général***résultats***faire***restrictive***tous***principe***elle***publics***délai***scientifiques***approprier***structurées***long***distribuées***tendance***ceci***tâche***droits***faut***accès***pratique***sérieux***page***travaux***travail***historique***caractère***privés***enjeu***guider***possible***implique***intéresse***diffuser***celles***mais***rapide***modèle***encontre***mise***nombreuses***dont***frein***intérêt***issus***grande***désormais***largement***targuent***conflit***façon***sélection***toute***dire***publication***rapports***éditeurs***programmes***aussi***essentielle***préserver***quelques***institutions***fonds***important***alors***voir***pour***terme***confier***fait***tout***ignore***mêmes***évaluation***informations***doit***actuel***voire***gratuitement***pérennisation***pérennes***préservation***h2020***imprimées***édition***données***articles***réalité***fond***projet***outre***entre***communauté***science***numérique***devrait***contrôler***européens***souligné***fromage***cherchant***financée***objectifs***garantie***connaissances***diffusion***forme***écrit***plus***recherche***embargo***nécessairement***françaises***discuté***secteur***échanger***cette***communautés***enfin***scientifique***public***disparaître***souligner***issues***essentiels
stefanefermigier	clair***cosmo***amendement***http***beaucoup***1pkgn6i***plus
villeneuve	vote***contre***suis***mais***embargo***libre***pour***période***accès***publications***ambigu
nathanfrenot	favoriserait***juste***déjà***pourquoi***même***contre***sciences***délai***cela***humaines***long***innovation***comprends***serait***pour***grandement***évidence***soit***plus***effet
instancesnumeriquesdumedef	article***mise***œuvre***menée***encore***doit***être***réflexion***conséquences***approfondie
sylvainribault	propositions***réserves***éventuels***aussi***débat***éviter***discuter***durée***sous***dépôt***commerciale***faudrait***seulement***clause***elle***souhaitable***obligation***nécéssaire***coauteurs***dans***modifications***droits***projet***réserve***oriente***embargos***alors***pourquoi***exemple***beaucoup***exorbitants***rejeter***absence***interdiction***avec***aucun***reproduite***libre***article***crains***discutée***rende***mais***embargo***exploitation***accès***caricature***inopérant
florianmoreau	faite***site***publier***editeur***embargo***lien***version***manuscript***vers***finale***obligation***etat***idealement***mois***permettre***reduit***auteur***plateforme
linefournier	chercheurs***font***source***travaux***demain***open***monde***accessible***rendre***serait***bonne***chose***extraordinaires***numérique***connait***mais***sera***plus
aureliedudezert	providers***offrir***sciences***pourquoi***valeur***vient***domaine***capacité***long***cruellement***nous***information***heure***entre***publiées***mais***technique***réactivité***traitement***plus***freiner***besoin***embargo***différence***leur***risque***aussi***avons***scientifique***données***autres***dans***outils***ajoutée***prévoir***ailleurs***développement***sens
arnaudlegrand	tech***être***numérique***start***devrait***idéal***emploi***recherches***beaucoup***cela***parle***longtemps***depuis***pour***concernent***créer***sachant***imposer***ailleurs***french
emmanuellepicard	résultats***sans***mise***systématique***embargo***disposition***publics***recherche***fonds***financée
annemariemottaz	résultats***pratiques***travaux***favoriserait***aisément***accéder***connaissances***actualisation***recherche***amélioration***plus
capellilaurent	rapidement***publics***rendre***travaux***fonds***financée***publié***restreindre***alors***forme***demander***mais***sera***publications***écrits***chercheurs***validation***obliger***tous***dont***gratuitement***faut***scientifique***seraient***dans***écrit***recherche***accessible
peterwolf	publier***gênant***libre***mails***dans***inflation***nouveaux***leur***pour***presque***publique***avoir***éditeurs***menacé***nombre***scientifique***surtout***donner***scientifiques***journaux***jouent***limiter***jours***demandant***nécessaire***manifestement***conséquent***nous***tous***intéresse***filon***collègues***mais***impression***rôle***accès***important***reçoit***doute***ouvert***immédiat***publication***recherche***survie
delenne	mise***immédiate***embargo***ligne***doit***être***pouvoir***durée
olivierdessombz	libérer***mais***effectivement***mois***suffisants***trop***sont***scientifiques***publications***faut
comitedethiqueducnrscomets	publics***porte***sont***access***associe***exclusivité***complexe***durée***sous***titre***éthique***connaissance***manuscrit***aucune***avancées***version***auteur***commentaires***avis***écrits***publié***pris***interdire***elle***éthiques***associés***lorsque***délai***moitié***finale***grâce***scientifiques***disposer***dans***données***droits***pratique***dispose***contenu***maitrise***travail***acceptée***consiste***exclusive***éditeur***inquiétudes***avec***bien***embargo***suivant***formule***article***mise***issu***exploitation***contraire***partage***comité***rapport***affirme***librement***activité***organismes***exigence***cession***recul***seule***missions***écrit***recherche***éditeurs***écoles***dernier***commerciale***dernière***fondamentales***accès***effectuée***leurs***être***valorisation***communiqué***dist***cessibles***variable***cadre***donc***alors***exclusif***périodique***actuelle***pouvoir***pour***terme***innovations***entendu***auteurs***reprendre***disciplines***2015***conseil***gouvernement***critiques***gratuitement***cnrs***cohérence***ainsi***comets***édition***ceci***donner***mois***devant***universités***dont***projet***développé***résultats***fonds***numérique***exclusion***disposition***réservée***libre***conséquent***financée***essentiel***situation***mutation***forme***potentielle***enjeux***mettre***principe***décrivent***incombe***financements***unanime***même***considérable***open***source***concept***cette***pleine***douze***scientifique***employeurs***peut***lieu***droit***commun***moins
institutderechercheenproprieteintellectuelleirpi1	ceux***éventuels***comprend***sont***limitée***exclusivité***auquel***préjudice***titre***nouvelle***auteur***convention***civile***possibilité***mettre***spéciaux***charge***conventions***auteurs***compte***national***savoir***moitié***certes***dans***droits***trois***réserve***pratique***voudrait***christophe***avec***bertrand***chambre***directive***voies***article***causent***dont***exceptions***largement***activité***neutralisation***légitime***berne***rapports***prévoir***agit***véritablement***tenu***contrat***apporter***œuvre***part***seules***hors***injustifié***pour***précoce***limitativement***ainsi***seulement***résultats***gratuitement***préoccupation***panthéon***portent***aucune***période***encadrent***articles***société***intérêts***instauré***effet***région***fonds***test***disposition***tiers***france***existe***également***institut***réponse***ligne***exclusive***éditeurs***envisageables***souveraine***cette***autre***bénéficier***établir***laquelle***droit***prévoit***considérés***publics***modification***lille***atteinte***proposition***déterminée***sous***commerce***irpi***plaide***œuvres***exception***faire***reprend***exigences***application***scientifiques***coprésident***diffuser***contraintes***limiter***comment***mérite***souci***particulièrement***limite***état***professeur***éditeur***éclairci***spécifique***plutôt***paris***légitimes***2001***chercheurs***texte***mais***recueilli***exploitation***européennes***cédé***ayant***entre***cession***recherche***warusfel***causes***leurs***être***jean***internationales***cependant***exclusif***propriété***normale***travaux***commercial***contrariété***décrites***recouvre***favoriser***mécanisme***édition***coauteurs***assas***matière***projet***respect***instaurer***galloux***université***point***exploitations***financée***concilier***comme***diffusion***libre***enseignants***conclues***plus***exemple***impose***code***observations***moins***industrie***intellectuelle***étapes***objectif***public
isabellegouat	access***éviter***service***cela***périodes***rapide***certains***recherche***avoir***revient***elle***abonnements***scientifiques***également***paye***domaines***moitié***plus***pays***dans***période***innovants***existantes***sensibles***loin***alors***argent***notre***sauf***scandaleux***reviewers***interopérabilité***négociés***chercheurs***étudiants***transversales***exploitation***évolution***reviennent***open***archives***accéder***laboratoires***exceptions***éditeurs***aller***être***payer***propres***telles***crée***faudrait***pour***gestion***puisque***ainsi***étudiant***préhistoire***informations***travers***tout***revues***tellement***données***articles***scientifique***ouvertes***financer***ensemble***communauté***devrait***notamment***chercheur***récentes***inégalités***permettre***niveau***deux***fois***prévue***justement***besoin***embargo***même***code***brevets***riches***accès***poche***aisée***peuvent***inégalité***despublications***couperin***commun***public
emmanueldupoux	doublement***éditeur***nuisible***sociales***droits***dicosmo***idiote***http***pour***humaines***quel***sciences***auteur***1pkgn6i***votez***texte***interdire***transfert***amendement***délai***cette***entre***justifie***soit***faut***séparation***tarabiscoté
thomasheams	contre***aussi***principe***ceux***être***préserver***durée***attention***leur***pertinents***servir***pour***arguments***consisterait***faire***refus***frontalement***quitte***existante***voire***notamment***suppression***inscrire***mobilisé***excessive***dans***réserve***chercheurs***voter***point***améliore***situation***ultérieurement***fine***présent***nouveau***article***économique***mais***embargo***donc***intérêt***cette***cause***important***opposent***existencesont
frederichelein	ceux***publics***sont***problème***bientôt***commerciale***touchent***recherche***archivage***tous***elle***entrave***scientifiques***anonymement***expertisent***domaines***laissant***plus***dans***données***papier***faut***disparue***moins***travaux***travail***payer***très***mains***spécialisée***fouille***elsevier***secrétariat***mais***juridique***donnée***quoi***éditoriaux***chercheurs***béant***texte***dont***exploitation***wiley***européennes***aligner***trop***frein***valorisation***crucial***distribution***longues***presse***laboratoires***nationale***éditeurs***futur***publier***leurs***institutions***soutien***responsables***profits***pour***financés***oligopole***puisque***borne***publique***durées***plupart***interdit***recommandations***fait***concentration***gigantesques***structuration***revues***springer***innovation***édition***majorité***angleterre***législation***articles***cher***quasiment***fonds***numérique***laisse***doivent***beaucoup***crédits***impression***écrivent***fédération***rappeler***toujours***vide***maintenant***comités***privatisation***information***embargo***enjeu***réalise***bibliothèques***quant***issues***immense***gros***autant***contrairement***bénévolement***petits***centime***risque***aspirent
mti131	choix***devrait***pourquoi***être***beaucoup***droit***état***cette***publie***donc***pour***humaines***sciences***faire***publications***résultats***financé***simple***gratuite***sociales***trop***aussi***revue***devoir***mois***chercheur***dans***publication***laisser
lucoger	publics***forme***montant***salaires***existante***contribution***sous***incluse***financière***contrainte***fait***inserm***reprendre***considère***catégorie***verte***cnrs***revues***publiés***serade***toute***inapplicable***articles***majorité***sont***arxiv***article***université***pourquoi***inria***rédiger***dans***situation***avec***diffusion***libre***embargo***variable***chercheurs***déjà***accès***cette***activité***comme***publication***recherche
jacquesbittoun	pour***accès***données***libre***recherche
emmanuelbeffara	forme***pratiques***accès***sont***leurs***communauté***évaluent***légalité***pour***rédigé***articles***font***cette***cotées***nettement***alors***actuelle***proposent***plus***puisque***fait***publique***résultats***activité***particulière***elle***parce***captation***maisons***édition***incontournable***revues***sans***concernant***scientifiques***heure***maison***législation***entérinerait***publication***droits***mettent***sélectionnent***effet***réalité***nommés***inadmissible***travail***fiable***déléguée***limite***limiter***accessoirement***raison***dans***aucun***diffusion***libre***bien***déjà***existe***garantit***lignes***publications***article***mise***impose***efficace***même***rémunération***embargo***prépublications***cela***propriété***largement***partie***auteurs***scientifique***très***outil***qualité***recherche***éditeurs***ailleurs***intellectuelle
